rank,topic,comment_count,avg_similarity
1,Trading,5,0.3022979254920438
2,Security,5,0.29300651020656965
3,Macro Market,5,0.2917871662462328
4,Conversational,5,0.23330452710291275
5,Scam,5,0.20072761331665365
6,DeFi,5,0.19605105040723464
7,Adoption & Use Case,5,0.19202535683895067
8,Regulation & Policy,5,0.17104685986015572
9,NFT,5,0.16297649671548786
10,Mining,5,0.16208668363459813
11,AI & Blockchain,2,0.19067591086822416
